Value,dx Normalized Frequency,dy Normalized Frequency
1,0.019761302,0
2,0.027639055,0.976060054
3,0.019702502,0
4,0.022472033,0.02259037
5,0.019197745,0
6,0.026469831,0.001152489
7,0.021712138,0
8,0.019472505,0.000139566
9,0.014451644,0
10,0.015960224,3.09E-05
11,0.0112364,0
12,0.014161206,1.26E-05
13,0.010981787,0
14,0.013226483,6.73E-06
15,0.013785117,0
16,0.010010087,4.08E-06
17,0.008687684,0
18,0.012046365,1.71E-06
19,0.00922638,0
20,0.01168564,7.33E-07
21,0.010469802,0
22,0.01289411,4.53E-07
23,0.008699939,0
24,0.007324217,2.79E-07
25,0.00854222,0
26,0.011397786,6.98E-08
27,0.008227829,0
28,0.009808827,0
29,0.009581484,0
30,0.011098723,0
31,0.008723124,0
32,0.007483892,0
33,0.006904203,0
34,0.006455348,0
35,0.006701057,0
36,0.007901497,0
37,0.00690148,0
38,0.007577783,0
39,0.005684594,0
40,0.006573227,0
41,0.00580415,0
42,0.006958778,0
43,0.006096648,0
44,0.005787704,0
45,0.005397264,0
46,0.004885209,0
47,0.00493116,0
48,0.005122504,0
49,0.004387296,0
50,0.004860942,0
51,0.004110929,0
52,0.005240139,0
53,0.004300877,0
54,0.005286508,0
55,0.003780372,0
56,0.004445153,0
57,0.004447562,0
58,0.004627488,0
59,0.003768605,0
60,0.004075384,0
61,0.004524903,0
62,0.004415229,0
63,0.004080028,0
64,0.0032547,0
65,0.003355155,0
66,0.003354492,0
67,0.003081966,0
68,0.003495486,0
69,0.003725867,0
70,0.003472231,0
71,0.003210635,0
72,0.002978508,0
73,0.003291362,0
74,0.003252744,0
75,0.002868136,0
76,0.00295239,0
77,0.002838072,0
78,0.002898653,0
79,0.003338674,0
80,0.002932662,0
81,0.002747917,0
82,0.002749139,0
83,0.00278657,0
84,0.003065136,0
85,0.002679166,0
86,0.002766633,0
87,0.00278032,0
88,0.002636602,0
89,0.002600114,0
90,0.002505455,0
91,0.002484435,0
92,0.002525253,0
93,0.002542851,0
94,0.002471725,0
95,0.002260793,0
96,0.00244662,0
97,0.00230835,0
98,0.002781402,0
99,0.002257127,0
100,0.002349028,0
101,0.002261177,0
102,0.002082822,0
103,0.002101014,0
104,0.002140714,0
105,0.002065992,0
106,0.002270954,0
107,0.002061627,0
108,0.002046474,0
109,0.002175421,0
110,0.001881422,0
111,0.001841302,0
112,0.001994517,0
113,0.002045775,0
114,0.001912463,0
115,0.001918538,0
116,0.00189689,0
117,0.001825974,0
118,0.001873286,0
119,0.001884774,0
120,0.001752614,0
121,0.001758864,0
122,0.001846261,0
123,0.001838509,0
124,0.001877372,0
125,0.001903175,0
126,0.001747446,0
127,0.001683653,0
128,0.001634071,0
129,0.001728521,0
130,0.001621641,0
131,0.001655929,0
132,0.001715742,0
133,0.001903035,0
134,0.00156333,0
135,0.001505054,0
136,0.001597339,0
137,0.001535466,0
138,0.001675029,0
139,0.001510152,0
140,0.001452225,0
141,0.001465668,0
142,0.001660224,0
143,0.001603694,0
144,0.001809912,0
145,0.001476596,0
146,0.001873426,0
147,0.001393983,0
148,0.001550376,0
149,0.001421393,0
150,0.001369821,0
151,0.00135135,0
152,0.001380331,0
153,0.001365491,0
154,0.001309101,0
155,0.001285218,0
156,0.001305399,0
157,0.001290665,0
158,0.001288779,0
159,0.001325477,0
160,0.001412035,0
161,0.001254142,0
162,0.001184797,0
163,0.001192234,0
164,0.001218282,0
165,0.001172995,0
166,0.00113518,0
167,0.001132457,0
168,0.001191187,0
169,0.001393076,0
170,0.001134272,0
171,0.001112414,0
172,0.001061191,0
173,0.001066883,0
174,0.001071422,0
175,0.001097505,0
176,0.001142757,0
177,0.001061087,0
178,0.001207283,0
179,0.001055849,0
180,0.001022259,0
181,0.001012552,0
182,0.00102411,0
183,0.001485465,0
184,0.001011575,0
185,0.000976658,0
186,0.000956231,0
187,0.001031617,0
188,0.000943522,0
189,0.000941462,0
190,0.000958152,0
191,0.001018069,0
192,0.000976553,0
193,0.000930917,0
194,0.000903891,0
195,0.000916531,0
196,0.000930428,0
197,0.000886852,0
198,0.000881614,0
199,0.000871733,0
200,0.000868765,0
201,0.0009063,0
202,0.000864016,0
203,0.000839924,0
204,0.00086028,0
205,0.000840657,0
206,0.000833673,0
207,0.00082236,0
208,0.000822814,0
209,0.000826446,0
210,0.000835768,0
211,0.000810419,0
212,0.000841111,0
213,0.000791878,0
214,0.000871069,0
215,0.000788386,0
216,0.000780181,0
217,0.000778156,0
218,0.000781717,0
219,0.000793589,0
220,0.000765446,0
221,0.000755634,0
222,0.000770928,0
223,0.00074062,0
224,0.000760209,0
225,0.000732205,0
226,0.000724663,0
227,0.000716493,0
228,0.000733008,0
229,0.000704691,0
230,0.000730669,0
231,0.000697009,0
232,0.000693727,0
233,0.000704481,0
234,0.000779971,0
235,0.000694181,0
236,0.000674942,0
237,0.000679446,0
238,0.000714398,0
239,0.0006674,0
240,0.000655249,0
241,0.000652839,0
242,0.000640269,0
243,0.000639466,0
244,0.000647811,0
245,0.000632553,0
246,0.000639361,0
247,0.000637441,0
248,0.000621729,0
249,0.000618097,0
250,0.000609717,0
251,0.000603572,0
252,0.00060242,0
253,0.000604899,0
254,0.000592154,0
255,0.000661184,0
256,0.000592014,0
257,0.000590443,0
258,0.000619389,0
259,0.000588767,0
260,0.000595715,0
261,0.000567398,0
262,0.000569912,0
263,0.000567852,0
264,0.000589954,0
265,0.000565757,0
266,0.0005623,0
267,0.000546937,0
268,0.000546099,0
269,0.000540337,0
270,0.000535309,0
271,0.000532342,0
272,0.000522739,0
273,0.000531015,0
274,0.000520016,0
275,0.000511252,0
276,0.000513975,0
277,0.000511985,0
278,0.000502732,0
279,0.00051195,0
280,0.000493619,0
281,0.000501929,0
282,0.000492711,0
283,0.00049533,0
284,0.000494387,0
285,0.000487788,0
286,0.000487404,0
287,0.000482166,0
288,0.000475846,0
289,0.0004741,0
290,0.000472005,0
291,0.000467711,0
292,0.00047438,0
293,0.000471656,0
294,0.000489603,0
295,0.000454058,0
296,0.000459016,0
297,0.000458527,0
298,0.000485064,0
299,0.000459156,0
300,0.000452696,0
301,0.000446935,0
302,0.000440301,0
303,0.000449309,0
304,0.000442361,0
305,0.000440755,0
306,0.000427172,0
307,0.000432235,0
308,0.000430838,0
309,0.000418408,0
310,0.000416976,0
311,0.000417011,0
312,0.000432619,0
313,0.000414707,0
314,0.000410936,0
315,0.000408596,0
316,0.000402765,0
317,0.000405384,0
318,0.000406117,0
319,0.000408352,0
320,0.000412123,0
321,0.000393617,0
322,0.000406746,0
323,0.000384399,0
324,0.000386494,0
325,0.000391138,0
326,0.000378743,0
327,0.000384259,0
328,0.00045961,0
329,0.00037581,0
330,0.000370886,0
331,0.00037361,0
332,0.000370747,0
333,0.0003756,0
334,0.000377311,0
335,0.000359643,0
336,0.000359643,0
337,0.000366557,0
338,0.000351612,0
339,0.000359084,0
340,0.000364112,0
341,0.000352276,0
342,0.000346794,0
343,0.000349517,0
344,0.000344384,0
345,0.00033555,0
346,0.000341382,0
347,0.000339252,0
348,0.000334922,0
349,0.000334957,0
350,0.000329789,0
351,0.000331326,0
352,0.000327973,0
353,0.000347701,0
354,0.000335655,0
355,0.000326472,0
356,0.000313727,0
357,0.000322038,0
358,0.000319244,0
359,0.000313413,0
360,0.000309328,0
361,0.000312575,0
362,0.000307407,0
363,0.000311667,0
364,0.000311528,0
365,0.000298085,0
366,0.000298504,0
367,0.000296723,0
368,0.000298608,0
369,0.000296129,0
370,0.000293546,0
371,0.000296653,0
372,0.000292289,0
373,0.000306081,0
374,0.000288657,0
375,0.000290578,0
376,0.000283839,0
377,0.000281429,0
378,0.000274202,0
379,0.000280487,0
380,0.000283175,0
381,0.000276192,0
382,0.000275982,0
383,0.000268615,0
384,0.000273399,0
385,0.000277239,0
386,0.00027078,0
387,0.000271548,0
388,0.000263377,0
389,0.000262749,0
390,0.000266869,0
391,0.000263552,0
392,0.000268021,0
393,0.000261457,0
394,0.000254753,0
395,0.000260235,0
396,0.000252064,0
397,0.000251261,0
398,0.000250074,0
399,0.000243091,0
400,0.000246862,0
401,0.000247141,0
402,0.000247455,0
403,0.000241589,0
404,0.000238133,0
405,0.000238133,0
406,0.000239459,0
407,0.000233209,0
408,0.000234466,0
409,0.000233663,0
410,0.000232651,0
411,0.000228565,0
412,0.00023485,0
413,0.000230311,0
414,0.000227867,0
415,0.000228391,0
416,0.000228915,0
417,0.000228321,0
418,0.000222944,0
419,0.000225388,0
420,0.000218614,0
421,0.000220115,0
422,0.000214354,0
423,0.000220081,0
424,0.000214878,0
425,0.000215576,0
426,0.000215716,0
427,0.000213167,0
428,0.000208209,0
429,0.000207371,0
430,0.000205241,0
431,0.00020985,0
432,0.000202552,0
433,0.000203774,0
434,0.00020545,0
435,0.000204193,0
436,0.000198642,0
437,0.000198851,0
438,0.000202832,0
439,0.000203006,0
440,0.000199026,0
441,0.000198991,0
442,0.000198292,0
443,0.000191868,0
444,0.00019522,0
445,0.000192531,0
446,0.000186526,0
447,0.000187922,0
448,0.000191135,0
449,0.000186351,0
450,0.000188655,0
451,0.000188446,0
452,0.00018883,0
453,0.0001867,0
454,0.000187189,0
455,0.000187049,0
456,0.000191484,0
457,0.00018457,0
458,0.000181079,0
459,0.000181637,0
460,0.000180345,0
461,0.000181358,0
462,0.000180939,0
463,0.000171756,0
464,0.000171581,0
465,0.000173432,0
466,0.000174898,0
467,0.000174689,0
468,0.000172035,0
469,0.000170988,0
470,0.000168997,0
471,0.00016575,0
472,0.000165785,0
473,0.000167566,0
474,0.00016348,0
475,0.000162957,0
476,0.000164074,0
477,0.00016575,0
478,0.000162049,0
479,0.000157999,0
480,0.000157824,0
481,0.00015936,0
482,0.000161804,0
483,0.000155275,0
484,0.000161525,0
485,0.000158732,0
486,0.000156672,0
487,0.000151958,0
488,0.000155275,0
489,0.000155694,0
490,0.00015723,0
491,0.000152761,0
492,0.000147768,0
493,0.000151993,0
494,0.000161839,0
495,0.000149339,0
496,0.000146755,0
497,0.000143368,0
498,0.000148606,0
499,0.000145673,0
500,0.000147593,0
501,0.000146406,0
502,0.000145498,0
503,0.000146301,0
504,0.000141448,0
505,0.000140645,0
506,0.000143019,0
507,0.000139143,0
508,0.000136071,0
509,0.000137991,0
510,0.000139562,0
511,0.000134569,0
512,0.000134953,0
513,0.000133696,0
514,0.000134046,0
515,0.000136769,0
516,0.000133312,0
517,0.000133557,0
518,0.000131671,0
519,0.000133417,0
520,0.000136455,0
521,0.000131881,0
522,0.000131881,0
523,0.000133662,0
524,0.000128284,0
525,0.000125631,0
526,0.000125735,0
527,0.000129786,0
528,0.000125875,0
529,0.000125107,0
530,0.000124828,0
531,0.000126992,0
532,0.000122104,0
533,0.00012151,0
534,0.000123536,0
535,0.00011945,0
536,0.000124234,0
537,0.00011732,0
538,0.000118543,0
539,0.000122593,0
540,0.000116098,0
541,0.000114876,0
542,0.000115784,0
543,0.000112921,0
544,0.000115575,0
545,0.000116727,0
546,0.000113968,0
547,0.000114178,0
548,0.000113934,0
549,0.000114318,0
550,0.000114003,0
551,0.000115679,0
552,0.0001132,0
553,0.000111699,0
554,0.000112572,0
555,0.000109778,0
556,0.000111873,0
557,0.000112223,0
558,0.00010922,0
559,0.000107264,0
560,0.000113689,0
561,0.000105169,0
562,0.000105134,0
563,0.000103912,0
564,0.000105449,0
565,0.000101608,0
566,0.000106426,0
567,9.92E-05,0
568,0.000106112,0
569,0.00010915,0
570,0.000105414,0
571,9.99E-05,0
572,0.000100491,0
573,9.73E-05,0
574,9.68E-05,0
575,0.000102027,0
576,0.000100979,0
577,0.00010276,0
578,9.69E-05,0
579,9.67E-05,0
580,9.67E-05,0
581,9.67E-05,0
582,9.27E-05,0
583,9.43E-05,0
584,9.51E-05,0
585,9.06E-05,0
586,9.07E-05,0
587,9.23E-05,0
588,9.24E-05,0
589,9.36E-05,0
590,8.81E-05,0
591,9.15E-05,0
592,9.18E-05,0
593,9.20E-05,0
594,9.49E-05,0
595,9.13E-05,0
596,9.14E-05,0
597,8.91E-05,0
598,8.80E-05,0
599,8.92E-05,0
600,8.66E-05,0
601,8.54E-05,0
602,8.76E-05,0
603,8.48E-05,0
604,8.61E-05,0
605,8.69E-05,0
606,8.66E-05,0
607,8.62E-05,0
608,8.13E-05,0
609,8.32E-05,0
610,8.55E-05,0
611,8.34E-05,0
612,8.19E-05,0
613,8.37E-05,0
614,8.13E-05,0
615,7.96E-05,0
616,8.02E-05,0
617,7.87E-05,0
618,7.86E-05,0
619,7.73E-05,0
620,7.93E-05,0
621,8.00E-05,0
622,7.71E-05,0
623,7.58E-05,0
624,7.84E-05,0
625,7.63E-05,0
626,7.56E-05,0
627,7.59E-05,0
628,7.57E-05,0
629,7.59E-05,0
630,7.72E-05,0
631,7.45E-05,0
632,7.18E-05,0
633,7.57E-05,0
634,7.30E-05,0
635,7.52E-05,0
636,7.47E-05,0
637,7.05E-05,0
638,6.99E-05,0
639,7.34E-05,0
640,7.22E-05,0
641,6.99E-05,0
642,6.99E-05,0
643,6.89E-05,0
644,6.78E-05,0
645,7.09E-05,0
646,6.97E-05,0
647,7.09E-05,0
648,6.84E-05,0
649,7.04E-05,0
650,7.02E-05,0
651,7.07E-05,0
652,6.66E-05,0
653,6.87E-05,0
654,7.00E-05,0
655,6.40E-05,0
656,6.52E-05,0
657,6.58E-05,0
658,6.61E-05,0
659,6.39E-05,0
660,6.43E-05,0
661,6.44E-05,0
662,6.41E-05,0
663,6.13E-05,0
664,6.09E-05,0
665,6.26E-05,0
666,6.19E-05,0
667,6.23E-05,0
668,6.22E-05,0
669,6.26E-05,0
670,6.26E-05,0
671,6.10E-05,0
672,6.25E-05,0
673,6.20E-05,0
674,5.98E-05,0
675,6.20E-05,0
676,5.90E-05,0
677,6.22E-05,0
678,6.17E-05,0
679,5.98E-05,0
680,5.87E-05,0
681,5.83E-05,0
682,6.08E-05,0
683,5.90E-05,0
684,5.75E-05,0
685,5.62E-05,0
686,5.76E-05,0
687,6.00E-05,0
688,5.77E-05,0
689,5.77E-05,0
690,5.51E-05,0
691,5.78E-05,0
692,5.69E-05,0
693,5.78E-05,0
694,5.63E-05,0
695,5.60E-05,0
696,5.47E-05,0
697,5.29E-05,0
698,5.53E-05,0
699,5.39E-05,0
700,5.15E-05,0
701,5.31E-05,0
702,5.27E-05,0
703,5.35E-05,0
704,5.31E-05,0
705,5.40E-05,0
706,5.13E-05,0
707,5.29E-05,0
708,5.17E-05,0
709,5.13E-05,0
710,5.07E-05,0
711,5.07E-05,0
712,4.92E-05,0
713,5.05E-05,0
714,5.03E-05,0
715,4.83E-05,0
716,4.90E-05,0
717,4.85E-05,0
718,5.20E-05,0
719,4.95E-05,0
720,4.95E-05,0
721,4.79E-05,0
722,4.87E-05,0
723,4.76E-05,0
724,4.75E-05,0
725,4.90E-05,0
726,4.69E-05,0
727,4.79E-05,0
728,4.76E-05,0
729,4.80E-05,0
730,4.48E-05,0
731,4.66E-05,0
732,4.63E-05,0
733,4.58E-05,0
734,4.66E-05,0
735,4.54E-05,0
736,4.63E-05,0
737,4.57E-05,0
738,4.63E-05,0
739,4.47E-05,0
740,4.23E-05,0
741,4.52E-05,0
742,4.49E-05,0
743,4.42E-05,0
744,4.51E-05,0
745,4.65E-05,0
746,4.25E-05,0
747,4.52E-05,0
748,4.31E-05,0
749,4.22E-05,0
750,4.15E-05,0
751,4.27E-05,0
752,4.13E-05,0
753,3.86E-05,0
754,4.14E-05,0
755,4.03E-05,0
756,4.12E-05,0
757,4.29E-05,0
758,4.21E-05,0
759,4.14E-05,0
760,4.35E-05,0
761,4.18E-05,0
762,3.75E-05,0
763,3.78E-05,0
764,3.95E-05,0
765,3.98E-05,0
766,3.83E-05,0
767,4.10E-05,0
768,3.80E-05,0
769,3.91E-05,0
770,3.86E-05,0
771,3.67E-05,0
772,3.73E-05,0
773,3.81E-05,0
774,3.93E-05,0
775,3.73E-05,0
776,3.66E-05,0
777,3.60E-05,0
778,3.85E-05,0
779,3.73E-05,0
780,3.66E-05,0
781,3.78E-05,0
782,3.72E-05,0
783,3.63E-05,0
784,3.84E-05,0
785,3.64E-05,0
786,3.90E-05,0
787,3.55E-05,0
788,3.65E-05,0
789,3.58E-05,0
790,3.50E-05,0
791,3.58E-05,0
792,3.44E-05,0
793,3.79E-05,0
794,3.45E-05,0
795,3.56E-05,0
796,3.41E-05,0
797,3.03E-05,0
798,3.61E-05,0
799,3.46E-05,0
800,3.60E-05,0
801,3.38E-05,0
802,3.18E-05,0
803,3.24E-05,0
804,3.22E-05,0
805,3.22E-05,0
806,3.17E-05,0
807,3.21E-05,0
808,3.17E-05,0
809,3.29E-05,0
810,3.26E-05,0
811,3.25E-05,0
812,3.14E-05,0
813,3.24E-05,0
814,3.19E-05,0
815,3.10E-05,0
816,3.18E-05,0
817,3.22E-05,0
818,3.10E-05,0
819,2.76E-05,0
820,3.13E-05,0
821,3.15E-05,0
822,2.92E-05,0
823,3.02E-05,0
824,3.11E-05,0
825,3.17E-05,0
826,2.88E-05,0
827,3.06E-05,0
828,2.92E-05,0
829,2.96E-05,0
830,2.87E-05,0
831,2.90E-05,0
832,3.01E-05,0
833,2.84E-05,0
834,2.78E-05,0
835,2.75E-05,0
836,2.85E-05,0
837,2.97E-05,0
838,2.91E-05,0
839,2.82E-05,0
840,2.74E-05,0
841,2.65E-05,0
842,2.91E-05,0
843,2.79E-05,0
844,2.74E-05,0
845,2.85E-05,0
846,2.69E-05,0
847,2.81E-05,0
848,2.76E-05,0
849,2.71E-05,0
850,2.66E-05,0
851,2.62E-05,0
852,2.60E-05,0
853,2.76E-05,0
854,2.71E-05,0
855,2.82E-05,0
856,2.81E-05,0
857,2.57E-05,0
858,2.54E-05,0
859,2.77E-05,0
860,2.58E-05,0
861,2.66E-05,0
862,2.41E-05,0
863,2.47E-05,0
864,2.55E-05,0
865,2.51E-05,0
866,2.63E-05,0
867,2.49E-05,0
868,2.84E-05,0
869,2.55E-05,0
870,2.60E-05,0
871,2.32E-05,0
872,2.21E-05,0
873,2.37E-05,0
874,2.53E-05,0
875,2.52E-05,0
876,2.36E-05,0
877,2.24E-05,0
878,2.33E-05,0
879,2.32E-05,0
880,2.30E-05,0
881,2.18E-05,0
882,2.24E-05,0
883,2.18E-05,0
884,2.36E-05,0
885,2.50E-05,0
886,2.24E-05,0
887,2.45E-05,0
888,2.31E-05,0
889,2.23E-05,0
890,2.19E-05,0
891,2.25E-05,0
892,2.15E-05,0
893,2.40E-05,0
894,2.23E-05,0
895,2.26E-05,0
896,2.25E-05,0
897,2.13E-05,0
898,2.23E-05,0
899,2.03E-05,0
900,2.15E-05,0
901,2.08E-05,0
902,2.06E-05,0
903,2.26E-05,0
904,2.03E-05,0
905,2.22E-05,0
906,1.98E-05,0
907,2.00E-05,0
908,2.11E-05,0
909,2.01E-05,0
910,2.07E-05,0
911,2.12E-05,0
912,2.02E-05,0
913,2.13E-05,0
914,2.05E-05,0
915,1.90E-05,0
916,1.96E-05,0
917,2.00E-05,0
918,1.97E-05,0
919,2.12E-05,0
920,2.01E-05,0
921,2.00E-05,0
922,1.84E-05,0
923,2.05E-05,0
924,2.06E-05,0
925,2.02E-05,0
926,1.85E-05,0
927,1.90E-05,0
928,1.97E-05,0
929,1.82E-05,0
930,1.94E-05,0
931,1.96E-05,0
932,1.84E-05,0
933,1.79E-05,0
934,1.82E-05,0
935,1.70E-05,0
936,1.76E-05,0
937,1.67E-05,0
938,1.76E-05,0
939,1.63E-05,0
940,1.72E-05,0
941,1.69E-05,0
942,1.76E-05,0
943,1.83E-05,0
944,1.76E-05,0
945,1.73E-05,0
946,1.72E-05,0
947,1.70E-05,0
948,1.91E-05,0
949,1.68E-05,0
950,1.79E-05,0
951,1.75E-05,0
952,1.74E-05,0
953,1.62E-05,0
954,1.91E-05,0
955,1.58E-05,0
956,1.60E-05,0
957,1.62E-05,0
958,1.67E-05,0
959,1.53E-05,0
960,1.63E-05,0
961,1.58E-05,0
962,1.54E-05,0
963,1.66E-05,0
964,1.63E-05,0
965,1.59E-05,0
966,1.70E-05,0
967,1.55E-05,0
968,1.48E-05,0
969,1.56E-05,0
970,1.46E-05,0
971,1.58E-05,0
972,1.58E-05,0
973,1.49E-05,0
974,1.57E-05,0
975,1.54E-05,0
976,1.58E-05,0
977,1.61E-05,0
978,1.48E-05,0
979,1.62E-05,0
980,1.55E-05,0
981,1.42E-05,0
982,1.47E-05,0
983,1.32E-05,0
984,1.56E-05,0
985,1.43E-05,0
986,1.33E-05,0
987,1.47E-05,0
988,1.45E-05,0
989,1.45E-05,0
990,1.54E-05,0
991,1.36E-05,0
992,1.41E-05,0
993,1.47E-05,0
994,1.48E-05,0
995,1.41E-05,0
996,1.43E-05,0
997,1.34E-05,0
998,1.38E-05,0
999,1.33E-05,0
1000,1.40E-05,0
1001,1.32E-05,0
1002,1.42E-05,0
1003,1.23E-05,0
1004,1.41E-05,0
1005,1.31E-05,0
1006,1.31E-05,0
1007,1.32E-05,0
1008,1.32E-05,0
1009,1.36E-05,0
1010,1.33E-05,0
1011,1.21E-05,0
1012,1.38E-05,0
1013,1.21E-05,0
1014,1.28E-05,0
1015,1.24E-05,0
1016,1.40E-05,0
1017,1.41E-05,0
1018,1.32E-05,0
1019,1.35E-05,0
1020,1.09E-05,0
1021,1.22E-05,0
1022,1.22E-05,0
1023,1.23E-05,0
1024,1.25E-05,0
1025,1.21E-05,0
1026,1.16E-05,0
1027,1.29E-05,0
1028,1.22E-05,0
1029,1.24E-05,0
1030,1.22E-05,0
1031,1.23E-05,0
1032,1.15E-05,0
1033,1.14E-05,0
1034,1.13E-05,0
1035,1.22E-05,0
1036,1.26E-05,0
1037,1.24E-05,0
1038,1.13E-05,0
1039,1.09E-05,0
1040,1.13E-05,0
1041,1.15E-05,0
1042,1.20E-05,0
1043,1.12E-05,0
1044,1.03E-05,0
1045,1.09E-05,0
1046,1.22E-05,0
1047,1.15E-05,0
1048,1.06E-05,0
1049,1.01E-05,0
1050,1.11E-05,0
1051,9.67E-06,0
1052,1.13E-05,0
1053,1.12E-05,0
1054,9.01E-06,0
1055,1.14E-05,0
1056,9.95E-06,0
1057,9.43E-06,0
1058,9.64E-06,0
1059,1.14E-05,0
1060,9.85E-06,0
1061,1.09E-05,0
1062,1.01E-05,0
1063,1.03E-05,0
1064,1.00E-05,0
1065,1.04E-05,0
1066,9.92E-06,0
1067,1.04E-05,0
1068,1.02E-05,0
1069,1.04E-05,0
1070,1.04E-05,0
1071,1.06E-05,0
1072,1.01E-05,0
1073,9.57E-06,0
1074,9.64E-06,0
1075,1.02E-05,0
1076,9.15E-06,0
1077,9.95E-06,0
1078,1.08E-05,0
1079,9.99E-06,0
1080,9.71E-06,0
1081,9.74E-06,0
1082,9.57E-06,0
1083,1.01E-05,0
1084,1.03E-05,0
1085,7.86E-06,0
1086,9.53E-06,0
1087,9.57E-06,0
1088,9.88E-06,0
1089,9.36E-06,0
1090,8.73E-06,0
1091,9.53E-06,0
1092,8.66E-06,0
1093,9.32E-06,0
1094,9.43E-06,0
1095,9.18E-06,0
1096,9.46E-06,0
1097,8.41E-06,0
1098,8.73E-06,0
1099,8.66E-06,0
1100,9.32E-06,0
1101,8.45E-06,0
1102,9.36E-06,0
1103,8.21E-06,0
1104,8.62E-06,0
1105,7.86E-06,0
1106,8.73E-06,0
1107,9.08E-06,0
1108,8.73E-06,0
1109,8.03E-06,0
1110,8.41E-06,0
1111,8.87E-06,0
1112,8.55E-06,0
1113,7.44E-06,0
1114,8.59E-06,0
1115,8.80E-06,0
1116,9.99E-06,0
1117,9.39E-06,0
1118,7.44E-06,0
1119,8.03E-06,0
1120,8.38E-06,0
1121,7.86E-06,0
1122,8.24E-06,0
1123,7.12E-06,0
1124,7.44E-06,0
1125,7.37E-06,0
1126,6.42E-06,0
1127,8.28E-06,0
1128,8.87E-06,0
1129,8.17E-06,0
1130,8.28E-06,0
1131,7.58E-06,0
1132,9.22E-06,0
1133,8.07E-06,0
1134,8.31E-06,0
1135,7.51E-06,0
1136,8.45E-06,0
1137,6.39E-06,0
1138,8.17E-06,0
1139,7.33E-06,0
1140,7.47E-06,0
1141,7.16E-06,0
1142,7.33E-06,0
1143,8.07E-06,0
1144,7.37E-06,0
1145,7.82E-06,0
1146,6.70E-06,0
1147,6.63E-06,0
1148,7.75E-06,0
1149,8.03E-06,0
1150,7.58E-06,0
1151,7.33E-06,0
1152,6.88E-06,0
1153,7.33E-06,0
1154,7.40E-06,0
1155,6.25E-06,0
1156,6.42E-06,0
1157,6.63E-06,0
1158,7.26E-06,0
1159,7.65E-06,0
1160,6.91E-06,0
1161,7.44E-06,0
1162,7.19E-06,0
1163,6.70E-06,0
1164,7.09E-06,0
1165,6.84E-06,0
1166,6.11E-06,0
1167,6.81E-06,0
1168,5.69E-06,0
1169,6.42E-06,0
1170,7.23E-06,0
1171,6.67E-06,0
1172,6.95E-06,0
1173,6.88E-06,0
1174,6.04E-06,0
1175,6.42E-06,0
1176,7.19E-06,0
1177,6.91E-06,0
1178,6.29E-06,0
1179,5.76E-06,0
1180,6.25E-06,0
1181,5.94E-06,0
1182,6.11E-06,0
1183,7.16E-06,0
1184,6.88E-06,0
1185,6.15E-06,0
1186,5.94E-06,0
1187,6.11E-06,0
1188,5.48E-06,0
1189,5.94E-06,0
1190,6.22E-06,0
1191,6.63E-06,0
1192,5.73E-06,0
1193,5.69E-06,0
1194,6.22E-06,0
1195,5.59E-06,0
1196,6.08E-06,0
1197,6.63E-06,0
1198,5.48E-06,0
1199,5.06E-06,0
1200,6.25E-06,0
1201,6.35E-06,0
1202,5.55E-06,0
1203,5.94E-06,0
1204,5.66E-06,0
1205,6.29E-06,0
1206,5.62E-06,0
1207,5.52E-06,0
1208,6.04E-06,0
1209,5.24E-06,0
1210,6.49E-06,0
1211,5.13E-06,0
1212,5.80E-06,0
1213,5.48E-06,0
1214,5.34E-06,0
1215,5.62E-06,0
1216,5.48E-06,0
1217,5.80E-06,0
1218,5.24E-06,0
1219,5.66E-06,0
1220,5.41E-06,0
1221,4.75E-06,0
1222,4.85E-06,0
1223,4.85E-06,0
1224,5.17E-06,0
1225,5.45E-06,0
1226,4.82E-06,0
1227,5.83E-06,0
1228,5.87E-06,0
1229,5.31E-06,0
1230,4.82E-06,0
1231,5.76E-06,0
1232,5.20E-06,0
1233,4.26E-06,0
1234,4.99E-06,0
1235,4.92E-06,0
1236,3.98E-06,0
1237,4.47E-06,0
1238,5.52E-06,0
1239,4.64E-06,0
1240,4.57E-06,0
1241,4.47E-06,0
1242,5.13E-06,0
1243,4.22E-06,0
1244,5.52E-06,0
1245,4.64E-06,0
1246,4.82E-06,0
1247,5.69E-06,0
1248,4.68E-06,0
1249,5.38E-06,0
1250,4.05E-06,0
1251,5.10E-06,0
1252,4.19E-06,0
1253,4.12E-06,0
1254,5.48E-06,0
1255,4.47E-06,0
1256,4.89E-06,0
1257,3.77E-06,0
1258,4.33E-06,0
1259,5.06E-06,0
1260,4.26E-06,0
1261,3.77E-06,0
1262,3.81E-06,0
1263,5.52E-06,0
1264,4.29E-06,0
1265,4.50E-06,0
1266,4.22E-06,0
1267,3.77E-06,0
1268,3.88E-06,0
1269,4.40E-06,0
1270,4.26E-06,0
1271,4.09E-06,0
1272,3.63E-06,0
1273,4.09E-06,0
1274,4.57E-06,0
1275,3.91E-06,0
1276,4.19E-06,0
1277,4.99E-06,0
1278,4.78E-06,0
1279,3.91E-06,0
1280,4.12E-06,0
1281,3.63E-06,0
1282,4.57E-06,0
1283,4.78E-06,0
1284,4.22E-06,0
1285,3.81E-06,0
1286,4.16E-06,0
1287,3.46E-06,0
1288,4.16E-06,0
1289,3.84E-06,0
1290,3.98E-06,0
1291,3.63E-06,0
1292,4.02E-06,0
1293,4.09E-06,0
1294,3.74E-06,0
1295,4.09E-06,0
1296,3.46E-06,0
1297,3.70E-06,0
1298,3.39E-06,0
1299,3.56E-06,0
1300,3.42E-06,0
1301,3.91E-06,0
1302,3.95E-06,0
1303,3.46E-06,0
1304,4.05E-06,0
1305,3.56E-06,0
1306,3.88E-06,0
1307,4.05E-06,0
1308,4.12E-06,0
1309,4.26E-06,0
1310,3.35E-06,0
1311,4.29E-06,0
1312,3.74E-06,0
1313,3.00E-06,0
1314,3.98E-06,0
1315,4.40E-06,0
1316,3.14E-06,0
1317,3.46E-06,0
1318,4.36E-06,0
1319,4.19E-06,0
1320,3.88E-06,0
1321,3.35E-06,0
1322,3.35E-06,0
1323,3.60E-06,0
1324,3.11E-06,0
1325,3.63E-06,0
1326,4.26E-06,0
1327,3.53E-06,0
1328,2.90E-06,0
1329,3.63E-06,0
1330,3.35E-06,0
1331,3.18E-06,0
1332,2.86E-06,0
1333,2.55E-06,0
1334,3.28E-06,0
1335,3.25E-06,0
1336,2.90E-06,0
1337,3.04E-06,0
1338,3.00E-06,0
1339,3.42E-06,0
1340,3.60E-06,0
1341,3.21E-06,0
1342,3.07E-06,0
1343,3.28E-06,0
1344,3.46E-06,0
1345,3.32E-06,0
1346,3.49E-06,0
1347,3.21E-06,0
1348,4.02E-06,0
1349,2.65E-06,0
1350,2.86E-06,0
1351,2.86E-06,0
1352,2.72E-06,0
1353,3.14E-06,0
1354,2.62E-06,0
1355,2.90E-06,0
1356,2.58E-06,0
1357,3.46E-06,0
1358,2.44E-06,0
1359,2.97E-06,0
1360,3.46E-06,0
1361,3.00E-06,0
1362,2.65E-06,0
1363,3.21E-06,0
1364,2.83E-06,0
1365,2.72E-06,0
1366,2.69E-06,0
1367,2.93E-06,0
1368,3.49E-06,0
1369,2.93E-06,0
1370,2.51E-06,0
1371,3.07E-06,0
1372,2.90E-06,0
1373,2.79E-06,0
1374,3.04E-06,0
1375,2.83E-06,0
1376,2.34E-06,0
1377,2.72E-06,0
1378,2.79E-06,0
1379,3.25E-06,0
1380,2.97E-06,0
1381,2.30E-06,0
1382,3.18E-06,0
1383,2.76E-06,0
1384,2.65E-06,0
1385,3.07E-06,0
1386,2.55E-06,0
1387,2.90E-06,0
1388,2.62E-06,0
1389,2.23E-06,0
1390,2.58E-06,0
1391,2.58E-06,0
1392,2.37E-06,0
1393,2.41E-06,0
1394,2.76E-06,0
1395,2.93E-06,0
1396,2.83E-06,0
1397,2.37E-06,0
1398,1.71E-06,0
1399,2.16E-06,0
1400,1.99E-06,0
1401,2.30E-06,0
1402,2.90E-06,0
1403,2.86E-06,0
1404,2.10E-06,0
1405,2.16E-06,0
1406,2.06E-06,0
1407,3.14E-06,0
1408,1.75E-06,0
1409,2.34E-06,0
1410,2.37E-06,0
1411,1.99E-06,0
1412,2.41E-06,0
1413,2.83E-06,0
1414,2.41E-06,0
1415,2.13E-06,0
1416,2.83E-06,0
1417,2.41E-06,0
1418,2.51E-06,0
1419,2.37E-06,0
1420,2.93E-06,0
1421,2.30E-06,0
1422,2.30E-06,0
1423,1.82E-06,0
1424,2.72E-06,0
1425,2.27E-06,0
1426,1.99E-06,0
1427,2.10E-06,0
1428,2.16E-06,0
1429,2.97E-06,0
1430,2.51E-06,0
1431,2.41E-06,0
1432,2.23E-06,0
1433,2.06E-06,0
1434,2.65E-06,0
1435,2.13E-06,0
1436,2.34E-06,0
1437,2.23E-06,0
1438,2.34E-06,0
1439,2.16E-06,0
1440,2.51E-06,0
1441,2.16E-06,0
1442,2.20E-06,0
1443,2.10E-06,0
1444,1.75E-06,0
1445,1.89E-06,0
1446,2.06E-06,0
1447,1.78E-06,0
1448,2.06E-06,0
1449,1.57E-06,0
1450,2.27E-06,0
1451,1.82E-06,0
1452,2.51E-06,0
1453,1.82E-06,0
1454,1.78E-06,0
1455,1.92E-06,0
1456,2.37E-06,0
1457,2.20E-06,0
1458,1.96E-06,0
1459,2.23E-06,0
1460,2.13E-06,0
1461,1.57E-06,0
1462,1.96E-06,0
1463,1.57E-06,0
1464,1.99E-06,0
1465,1.99E-06,0
1466,1.96E-06,0
1467,1.78E-06,0
1468,2.03E-06,0
1469,1.75E-06,0
1470,1.96E-06,0
1471,1.92E-06,0
1472,2.30E-06,0
1473,1.96E-06,0
1474,2.27E-06,0
1475,1.43E-06,0
1476,1.89E-06,0
1477,1.92E-06,0
1478,1.85E-06,0
1479,1.40E-06,0
1480,1.68E-06,0
1481,1.68E-06,0
1482,1.71E-06,0
1483,1.82E-06,0
1484,1.40E-06,0
1485,2.03E-06,0
1486,1.54E-06,0
1487,1.85E-06,0
1488,1.75E-06,0
1489,1.47E-06,0
1490,1.92E-06,0
1491,1.75E-06,0
1492,1.50E-06,0
1493,2.06E-06,0
1494,2.13E-06,0
1495,1.68E-06,0
1496,1.75E-06,0
1497,1.99E-06,0
1498,1.92E-06,0
1499,1.99E-06,0
1500,1.82E-06,0
1501,2.03E-06,0
1502,1.71E-06,0
1503,1.64E-06,0
1504,1.64E-06,0
1505,1.54E-06,0
1506,1.19E-06,0
1507,1.40E-06,0
1508,2.20E-06,0
1509,1.22E-06,0
1510,1.64E-06,0
1511,1.68E-06,0
1512,1.57E-06,0
1513,1.75E-06,0
1514,1.50E-06,0
1515,1.36E-06,0
1516,1.82E-06,0
1517,1.36E-06,0
1518,1.40E-06,0
1519,1.64E-06,0
1520,1.82E-06,0
1521,1.40E-06,0
1522,1.57E-06,0
1523,1.33E-06,0
1524,1.57E-06,0
1525,1.15E-06,0
1526,1.29E-06,0
1527,1.40E-06,0
1528,1.47E-06,0
1529,1.36E-06,0
1530,1.15E-06,0
1531,1.19E-06,0
1532,1.12E-06,0
1533,1.22E-06,0
1534,1.57E-06,0
1535,2.06E-06,0
1536,1.61E-06,0
1537,1.26E-06,0
1538,1.68E-06,0
1539,1.47E-06,0
1540,1.54E-06,0
1541,1.29E-06,0
1542,1.71E-06,0
1543,1.57E-06,0
1544,1.54E-06,0
1545,1.01E-06,0
1546,1.15E-06,0
1547,1.57E-06,0
1548,1.82E-06,0
1549,1.64E-06,0
1550,1.29E-06,0
1551,1.08E-06,0
1552,1.26E-06,0
1553,1.57E-06,0
1554,1.29E-06,0
1555,1.33E-06,0
1556,1.61E-06,0
1557,1.57E-06,0
1558,1.43E-06,0
1559,8.73E-07,0
1560,1.15E-06,0
1561,1.22E-06,0
1562,1.36E-06,0
1563,1.19E-06,0
1564,1.68E-06,0
1565,1.12E-06,0
1566,9.78E-07,0
1567,1.54E-06,0
1568,1.54E-06,0
1569,1.22E-06,0
1570,1.29E-06,0
1571,1.08E-06,0
1572,1.15E-06,0
1573,1.29E-06,0
1574,1.78E-06,0
1575,1.50E-06,0
1576,1.19E-06,0
1577,9.43E-07,0
1578,1.01E-06,0
1579,1.54E-06,0
1580,1.19E-06,0
1581,1.22E-06,0
1582,1.36E-06,0
1583,1.01E-06,0
1584,1.22E-06,0
1585,1.08E-06,0
1586,1.01E-06,0
1587,1.01E-06,0
1588,1.33E-06,0
1589,1.22E-06,0
1590,1.12E-06,0
1591,1.08E-06,0
1592,1.12E-06,0
1593,1.01E-06,0
1594,1.12E-06,0
1595,1.50E-06,0
1596,1.15E-06,0
1597,1.40E-06,0
1598,1.08E-06,0
1599,1.19E-06,0
1600,9.08E-07,0
1601,1.05E-06,0
1602,1.05E-06,0
1603,9.78E-07,0
1604,1.15E-06,0
1605,1.26E-06,0
1606,1.15E-06,0
1607,1.22E-06,0
1608,1.19E-06,0
1609,1.15E-06,0
1610,9.78E-07,0
1611,8.38E-07,0
1612,1.19E-06,0
1613,9.78E-07,0
1614,1.36E-06,0
1615,1.12E-06,0
1616,9.43E-07,0
1617,1.15E-06,0
1618,1.40E-06,0
1619,1.05E-06,0
1620,1.01E-06,0
1621,1.47E-06,0
1622,9.43E-07,0
1623,1.43E-06,0
1624,1.40E-06,0
1625,1.12E-06,0
1626,8.38E-07,0
1627,1.01E-06,0
1628,8.38E-07,0
1629,7.68E-07,0
1630,9.78E-07,0
1631,1.26E-06,0
1632,1.01E-06,0
1633,8.03E-07,0
1634,9.78E-07,0
1635,9.43E-07,0
1636,9.78E-07,0
1637,9.43E-07,0
1638,9.78E-07,0
1639,8.73E-07,0
1640,1.15E-06,0
1641,1.15E-06,0
1642,1.01E-06,0
1643,8.73E-07,0
1644,9.08E-07,0
1645,8.73E-07,0
1646,1.05E-06,0
1647,4.89E-07,0
1648,8.73E-07,0
1649,9.78E-07,0
1650,8.73E-07,0
1651,6.63E-07,0
1652,7.33E-07,0
1653,9.78E-07,0
1654,9.43E-07,0
1655,6.29E-07,0
1656,8.03E-07,0
1657,9.78E-07,0
1658,9.43E-07,0
1659,1.15E-06,0
1660,7.33E-07,0
1661,1.12E-06,0
1662,1.22E-06,0
1663,1.29E-06,0
1664,1.05E-06,0
1665,1.26E-06,0
1666,1.01E-06,0
1667,9.08E-07,0
1668,6.98E-07,0
1669,1.12E-06,0
1670,9.78E-07,0
1671,7.68E-07,0
1672,6.29E-07,0
1673,8.03E-07,0
1674,6.63E-07,0
1675,5.59E-07,0
1676,1.05E-06,0
1677,7.68E-07,0
1678,1.26E-06,0
1679,9.78E-07,0
1680,6.29E-07,0
1681,6.98E-07,0
1682,8.73E-07,0
1683,7.68E-07,0
1684,9.43E-07,0
1685,5.94E-07,0
1686,6.98E-07,0
1687,8.03E-07,0
1688,5.94E-07,0
1689,4.54E-07,0
1690,5.94E-07,0
1691,5.94E-07,0
1692,6.98E-07,0
1693,6.29E-07,0
1694,9.08E-07,0
1695,6.98E-07,0
1696,8.73E-07,0
1697,5.94E-07,0
1698,6.63E-07,0
1699,8.38E-07,0
1700,9.43E-07,0
1701,7.33E-07,0
1702,7.33E-07,0
1703,8.38E-07,0
1704,8.03E-07,0
1705,9.08E-07,0
1706,9.08E-07,0
1707,6.63E-07,0
1708,8.73E-07,0
1709,5.24E-07,0
1710,6.63E-07,0
1711,8.38E-07,0
1712,8.03E-07,0
1713,5.94E-07,0
1714,1.12E-06,0
1715,1.05E-06,0
1716,8.38E-07,0
1717,6.98E-07,0
1718,6.29E-07,0
1719,8.03E-07,0
1720,9.08E-07,0
1721,8.73E-07,0
1722,6.98E-07,0
1723,8.73E-07,0
1724,5.59E-07,0
1725,1.12E-06,0
1726,9.78E-07,0
1727,6.29E-07,0
1728,5.94E-07,0
1729,9.08E-07,0
1730,5.94E-07,0
1731,5.94E-07,0
1732,9.43E-07,0
1733,6.29E-07,0
1734,5.59E-07,0
1735,5.59E-07,0
1736,7.68E-07,0
1737,4.89E-07,0
1738,7.33E-07,0
1739,4.89E-07,0
1740,7.68E-07,0
1741,8.03E-07,0
1742,6.29E-07,0
1743,3.84E-07,0
1744,4.54E-07,0
1745,6.29E-07,0
1746,5.94E-07,0
1747,5.59E-07,0
1748,8.03E-07,0
1749,8.73E-07,0
1750,7.33E-07,0
1751,7.68E-07,0
1752,3.14E-07,0
1753,2.79E-07,0
1754,2.79E-07,0
1755,4.19E-07,0
1756,5.59E-07,0
1757,7.33E-07,0
1758,5.94E-07,0
1759,9.43E-07,0
1760,6.29E-07,0
1761,4.89E-07,0
1762,6.98E-07,0
1763,8.73E-07,0
1764,4.89E-07,0
1765,5.59E-07,0
1766,7.33E-07,0
1767,5.59E-07,0
1768,4.54E-07,0
1769,8.03E-07,0
1770,5.94E-07,0
1771,6.63E-07,0
1772,6.98E-07,0
1773,8.03E-07,0
1774,5.94E-07,0
1775,6.63E-07,0
1776,4.89E-07,0
1777,5.59E-07,0
1778,5.94E-07,0
1779,8.03E-07,0
1780,6.63E-07,0
1781,6.63E-07,0
1782,4.54E-07,0
1783,7.33E-07,0
1784,6.98E-07,0
1785,6.98E-07,0
1786,6.63E-07,0
1787,5.94E-07,0
1788,4.89E-07,0
1789,5.59E-07,0
1790,3.49E-07,0
1791,4.19E-07,0
1792,5.94E-07,0
1793,2.79E-07,0
1794,7.68E-07,0
1795,6.29E-07,0
1796,5.94E-07,0
1797,3.84E-07,0
1798,3.49E-07,0
1799,5.24E-07,0
1800,4.54E-07,0
1801,3.14E-07,0
1802,5.24E-07,0
1803,5.94E-07,0
1804,5.94E-07,0
1805,4.54E-07,0
1806,5.59E-07,0
1807,4.89E-07,0
1808,8.38E-07,0
1809,4.89E-07,0
1810,6.29E-07,0
1811,4.89E-07,0
1812,6.29E-07,0
1813,5.24E-07,0
1814,5.59E-07,0
1815,2.44E-07,0
1816,5.94E-07,0
1817,2.44E-07,0
1818,3.49E-07,0
1819,2.44E-07,0
1820,3.84E-07,0
1821,4.89E-07,0
1822,6.29E-07,0
1823,3.84E-07,0
1824,3.84E-07,0
1825,3.84E-07,0
1826,5.94E-07,0
1827,2.44E-07,0
1828,6.63E-07,0
1829,4.54E-07,0
1830,5.24E-07,0
1831,5.94E-07,0
1832,5.24E-07,0
1833,7.33E-07,0
1834,3.49E-07,0
1835,4.89E-07,0
1836,4.89E-07,0
1837,3.49E-07,0
1838,5.94E-07,0
1839,3.14E-07,0
1840,5.24E-07,0
1841,4.54E-07,0
1842,1.40E-07,0
1843,5.59E-07,0
1844,5.59E-07,0
1845,5.59E-07,0
1846,4.54E-07,0
1847,5.59E-07,0
1848,4.19E-07,0
1849,3.84E-07,0
1850,6.98E-07,0
1851,4.19E-07,0
1852,1.40E-07,0
1853,3.14E-07,0
1854,6.29E-07,0
1855,2.44E-07,0
1856,2.79E-07,0
1857,3.84E-07,0
1858,3.84E-07,0
1859,5.24E-07,0
1860,4.54E-07,0
1861,3.14E-07,0
1862,3.84E-07,0
1863,4.54E-07,0
1864,4.19E-07,0
1865,4.89E-07,0
1866,4.89E-07,0
1867,3.49E-07,0
1868,3.14E-07,0
1869,3.49E-07,0
1870,3.84E-07,0
1871,5.94E-07,0
1872,4.89E-07,0
1873,4.54E-07,0
1874,4.89E-07,0
1875,4.54E-07,0
1876,4.54E-07,0
1877,5.24E-07,0
1878,2.44E-07,0
1879,3.14E-07,0
1880,3.14E-07,0
1881,4.19E-07,0
1882,6.29E-07,0
1883,2.44E-07,0
1884,3.14E-07,0
1885,3.49E-07,0
1886,3.14E-07,0
1887,4.19E-07,0
1888,3.49E-07,0
1889,3.84E-07,0
1890,3.49E-07,0
1891,3.84E-07,0
1892,3.14E-07,0
1893,2.10E-07,0
1894,2.10E-07,0
1895,4.89E-07,0
1896,1.75E-07,0
1897,2.10E-07,0
1898,2.44E-07,0
1899,4.19E-07,0
1900,4.89E-07,0
1901,2.79E-07,0
1902,4.19E-07,0
1903,2.79E-07,0
1904,1.75E-07,0
1905,6.29E-07,0
1906,3.84E-07,0
1907,1.75E-07,0
1908,3.84E-07,0
1909,2.79E-07,0
1910,2.79E-07,0
1911,3.14E-07,0
1912,4.89E-07,0
1913,4.19E-07,0
1914,3.49E-07,0
1915,4.89E-07,0
1916,5.24E-07,0
1917,2.10E-07,0
1918,2.44E-07,0
1919,4.89E-07,0
1920,3.14E-07,0
1921,3.49E-07,0
1922,3.14E-07,0
1923,2.10E-07,0
1924,2.79E-07,0
1925,5.94E-07,0
1926,4.89E-07,0
1927,4.54E-07,0
1928,2.79E-07,0
1929,2.44E-07,0
1930,3.84E-07,0
1931,2.44E-07,0
1932,1.75E-07,0
1933,2.10E-07,0
1934,1.40E-07,0
1935,3.49E-07,0
1936,2.44E-07,0
1937,3.49E-07,0
1938,4.54E-07,0
1939,4.19E-07,0
1940,3.49E-07,0
1941,3.84E-07,0
1942,5.59E-07,0
1943,4.54E-07,0
1944,2.79E-07,0
1945,3.14E-07,0
1946,2.44E-07,0
1947,2.44E-07,0
1948,3.14E-07,0
1949,4.19E-07,0
1950,2.44E-07,0
1951,5.94E-07,0
1952,3.14E-07,0
1953,3.49E-07,0
1954,1.75E-07,0
1955,1.40E-07,0
1956,2.10E-07,0
1957,3.14E-07,0
1958,2.79E-07,0
1959,2.79E-07,0
1960,2.10E-07,0
1961,3.49E-07,0
1962,3.14E-07,0
1963,2.44E-07,0
1964,4.54E-07,0
1965,2.10E-07,0
1966,2.44E-07,0
1967,2.79E-07,0
1968,3.14E-07,0
1969,1.75E-07,0
1970,1.40E-07,0
1971,3.49E-07,0
1972,3.49E-07,0
1973,2.10E-07,0
1974,2.10E-07,0
1975,3.84E-07,0
1976,2.10E-07,0
1977,4.19E-07,0
1978,4.19E-07,0
1979,3.14E-07,0
1980,2.10E-07,0
1981,3.84E-07,0
1982,2.79E-07,0
1983,3.49E-07,0
1984,1.75E-07,0
1985,2.10E-07,0
1986,5.24E-07,0
1987,2.10E-07,0
1988,2.10E-07,0
1989,1.75E-07,0
1990,2.79E-07,0
1991,3.49E-07,0
1992,1.75E-07,0
1993,2.44E-07,0
1994,2.44E-07,0
1995,3.84E-07,0
1996,2.44E-07,0
1997,2.44E-07,0
1998,2.44E-07,0
1999,2.79E-07,0
2000,3.14E-07,0
2001,1.75E-07,0
2002,2.10E-07,0
2003,2.44E-07,0
2004,3.14E-07,0
2005,2.10E-07,0
2006,2.44E-07,0
2007,2.44E-07,0
2008,2.44E-07,0
2009,1.40E-07,0
2010,3.49E-08,0
2011,3.14E-07,0
2012,1.75E-07,0
2013,1.40E-07,0
2014,1.75E-07,0
2015,3.49E-07,0
2016,2.79E-07,0
2017,3.84E-07,0
2018,2.79E-07,0
2019,6.98E-08,0
2020,1.75E-07,0
2021,1.40E-07,0
2022,2.44E-07,0
2023,1.75E-07,0
2024,3.14E-07,0
2025,2.79E-07,0
2026,2.10E-07,0
2027,2.79E-07,0
2028,2.44E-07,0
2029,3.49E-07,0
2030,1.05E-07,0
2031,4.19E-07,0
2032,1.75E-07,0
2033,1.05E-07,0
2034,2.44E-07,0
2035,3.84E-07,0
2036,3.84E-07,0
2037,2.79E-07,0
2038,2.10E-07,0
2039,3.49E-07,0
2040,2.10E-07,0
2041,3.49E-07,0
2042,1.75E-07,0
2043,3.14E-07,0
2044,1.75E-07,0
2045,1.75E-07,0
2046,2.10E-07,0
2047,3.14E-07,0
2048,2.10E-07,0
2049,2.44E-07,0
2050,1.75E-07,0
2051,1.75E-07,0
2052,2.44E-07,0
2053,2.10E-07,0
2054,1.75E-07,0
2055,1.75E-07,0
2056,1.05E-07,0
2057,3.49E-07,0
2058,3.14E-07,0
2059,1.40E-07,0
2060,3.14E-07,0
2061,1.75E-07,0
2062,3.49E-08,0
2063,6.98E-08,0
2064,2.10E-07,0
2065,6.98E-08,0
2066,2.10E-07,0
2067,2.44E-07,0
2068,2.10E-07,0
2069,3.49E-08,0
2070,2.44E-07,0
2071,1.75E-07,0
2072,2.44E-07,0
2073,1.75E-07,0
2074,1.75E-07,0
2075,1.40E-07,0
2076,1.40E-07,0
2077,1.40E-07,0
2078,2.44E-07,0
2079,6.98E-08,0
2080,1.40E-07,0
2081,4.54E-07,0
2082,2.79E-07,0
2083,2.79E-07,0
2084,1.40E-07,0
2085,3.49E-07,0
2086,1.75E-07,0
2087,1.75E-07,0
2088,4.54E-07,0
2089,2.10E-07,0
2090,1.75E-07,0
2091,1.05E-07,0
2092,1.75E-07,0
2093,1.05E-07,0
2094,2.44E-07,0
2095,1.40E-07,0
2096,2.44E-07,0
2097,1.75E-07,0
2098,1.75E-07,0
2099,6.98E-08,0
2100,1.75E-07,0
2101,6.98E-08,0
2102,1.40E-07,0
2103,3.14E-07,0
2104,3.84E-07,0
2105,1.40E-07,0
2106,2.79E-07,0
2107,6.98E-08,0
2108,1.75E-07,0
2109,1.40E-07,0
2110,1.05E-07,0
2111,1.40E-07,0
2112,1.05E-07,0
2113,4.19E-07,0
2114,2.44E-07,0
2115,1.75E-07,0
2116,1.40E-07,0
2117,2.10E-07,0
2118,1.05E-07,0
2119,1.75E-07,0
2120,2.44E-07,0
2121,6.98E-08,0
2122,2.79E-07,0
2123,1.75E-07,0
2124,2.44E-07,0
2125,2.10E-07,0
2126,1.75E-07,0
2127,1.75E-07,0
2128,1.75E-07,0
2129,3.14E-07,0
2130,1.75E-07,0
2131,6.98E-08,0
2132,1.05E-07,0
2133,2.10E-07,0
2134,1.40E-07,0
2135,1.75E-07,0
2136,1.75E-07,0
2137,1.75E-07,0
2138,6.98E-08,0
2139,1.05E-07,0
2140,1.40E-07,0
2141,2.44E-07,0
2142,1.05E-07,0
2143,2.10E-07,0
2144,2.10E-07,0
2145,2.44E-07,0
2146,2.79E-07,0
2147,1.40E-07,0
2148,1.05E-07,0
2149,2.44E-07,0
2150,1.75E-07,0
2151,2.79E-07,0
2152,1.75E-07,0
2153,6.98E-08,0
2154,1.75E-07,0
2155,1.05E-07,0
2156,2.44E-07,0
2157,2.44E-07,0
2158,1.40E-07,0
2159,6.98E-08,0
2160,2.79E-07,0
2161,1.40E-07,0
2162,0,0
2163,1.05E-07,0
2164,1.05E-07,0
2165,1.40E-07,0
2166,1.40E-07,0
2167,1.05E-07,0
2168,1.40E-07,0
2169,1.05E-07,0
2170,1.05E-07,0
2171,1.40E-07,0
2172,1.40E-07,0
2173,1.40E-07,0
2174,1.75E-07,0
2175,1.75E-07,0
2176,1.40E-07,0
2177,2.44E-07,0
2178,3.49E-08,0
2179,6.98E-08,0
2180,1.40E-07,0
2181,1.40E-07,0
2182,1.40E-07,0
2183,1.05E-07,0
2184,1.75E-07,0
2185,1.40E-07,0
2186,6.98E-08,0
2187,2.10E-07,0
2188,2.10E-07,0
2189,6.98E-08,0
2190,6.98E-08,0
2191,6.98E-08,0
2192,6.98E-08,0
2193,1.40E-07,0
2194,1.40E-07,0
2195,1.40E-07,0
2196,6.98E-08,0
2197,1.05E-07,0
2198,0,0
2199,1.05E-07,0
2200,1.40E-07,0
2201,1.05E-07,0
2202,1.05E-07,0
2203,1.05E-07,0
2204,0,0
2205,1.05E-07,0
2206,6.98E-08,0
2207,1.75E-07,0
2208,0,0
2209,6.98E-08,0
2210,3.49E-08,0
2211,2.10E-07,0
2212,1.05E-07,0
2213,1.75E-07,0
2214,6.98E-08,0
2215,1.40E-07,0
2216,6.98E-08,0
2217,6.98E-08,0
2218,3.49E-08,0
2219,1.75E-07,0
2220,1.05E-07,0
2221,1.05E-07,0
2222,6.98E-08,0
2223,2.44E-07,0
2224,1.75E-07,0
2225,1.40E-07,0
2226,6.98E-08,0
2227,3.49E-08,0
2228,1.75E-07,0
2229,1.05E-07,0
2230,1.75E-07,0
2231,0,0
2232,1.40E-07,0
2233,1.75E-07,0
2234,2.10E-07,0
2235,1.05E-07,0
2236,3.49E-08,0
2237,3.49E-08,0
2238,3.49E-08,0
2239,1.75E-07,0
2240,6.98E-08,0
2241,6.98E-08,0
2242,1.05E-07,0
2243,1.05E-07,0
2244,1.40E-07,0
2245,3.49E-08,0
2246,3.49E-08,0
2247,6.98E-08,0
2248,1.05E-07,0
2249,6.98E-08,0
2250,1.75E-07,0
2251,6.98E-08,0
2252,1.75E-07,0
2253,6.98E-08,0
2254,6.98E-08,0
2255,3.49E-08,0
2256,6.98E-08,0
2257,3.49E-08,0
2258,3.49E-08,0
2259,1.05E-07,0
2260,1.75E-07,0
2261,3.49E-08,0
2262,1.05E-07,0
2263,1.40E-07,0
2264,1.75E-07,0
2265,3.49E-08,0
2266,1.05E-07,0
2267,6.98E-08,0
2268,1.05E-07,0
2269,3.49E-08,0
2270,6.98E-08,0
2271,3.49E-08,0
2272,6.98E-08,0
2273,3.49E-08,0
2274,3.49E-08,0
2275,1.05E-07,0
2276,6.98E-08,0
2277,1.05E-07,0
2278,1.05E-07,0
2279,1.05E-07,0
2280,6.98E-08,0
2281,6.98E-08,0
2282,6.98E-08,0
2283,6.98E-08,0
2284,1.05E-07,0
2285,3.49E-08,0
2286,6.98E-08,0
2287,6.98E-08,0
2288,0,0
2289,1.75E-07,0
2290,3.49E-08,0
2291,3.49E-08,0
2292,1.40E-07,0
2293,3.49E-08,0
2294,1.40E-07,0
2295,3.49E-08,0
2296,1.40E-07,0
2297,1.05E-07,0
2298,3.14E-07,0
2299,6.98E-08,0
2300,0,0
2301,6.98E-08,0
2302,6.98E-08,0
2303,3.49E-08,0
2304,1.05E-07,0
2305,2.44E-07,0
2306,1.40E-07,0
2307,1.05E-07,0
2308,1.40E-07,0
2309,2.10E-07,0
2310,6.98E-08,0
2311,3.49E-08,0
2312,6.98E-08,0
2313,1.05E-07,0
2314,1.05E-07,0
2315,1.75E-07,0
2316,1.05E-07,0
2317,0,0
2318,1.40E-07,0
2319,1.05E-07,0
2320,3.49E-08,0
2321,6.98E-08,0
2322,0,0
2323,1.05E-07,0
2324,3.49E-08,0
2325,2.10E-07,0
2326,6.98E-08,0
2327,1.05E-07,0
2328,3.49E-08,0
2329,1.40E-07,0
2330,0,0
2331,1.05E-07,0
2332,1.05E-07,0
2333,6.98E-08,0
2334,1.05E-07,0
2335,3.49E-08,0
2336,6.98E-08,0
2337,6.98E-08,0
2338,6.98E-08,0
2339,6.98E-08,0
2340,6.98E-08,0
2341,6.98E-08,0
2342,1.05E-07,0
2343,6.98E-08,0
2344,1.40E-07,0
2345,3.49E-08,0
2346,6.98E-08,0
2347,6.98E-08,0
2348,3.49E-08,0
2349,1.05E-07,0
2350,0,0
2351,1.40E-07,0
2352,6.98E-08,0
2353,6.98E-08,0
2354,2.10E-07,0
2355,1.40E-07,0
2356,1.05E-07,0
2357,6.98E-08,0
2358,6.98E-08,0
2359,6.98E-08,0
2360,6.98E-08,0
2361,0,0
2362,1.05E-07,0
2363,3.49E-08,0
2364,6.98E-08,0
2365,6.98E-08,0
2366,3.49E-08,0
2367,6.98E-08,0
2368,3.49E-08,0
2369,0,0
2370,6.98E-08,0
2371,0,0
2372,6.98E-08,0
2373,6.98E-08,0
2374,3.49E-08,0
2375,0,0
2376,0,0
2377,3.49E-08,0
2378,3.49E-08,0
2379,3.49E-08,0
2380,6.98E-08,0
2381,3.49E-08,0
2382,6.98E-08,0
2383,3.49E-08,0
2384,0,0
2385,3.49E-08,0
2386,0,0
2387,0,0
2388,3.49E-08,0
2389,3.49E-08,0
2390,3.49E-08,0
2391,1.40E-07,0
2392,6.98E-08,0
2393,1.05E-07,0
2394,2.10E-07,0
2395,0,0
2396,3.49E-08,0
2397,0,0
2398,0,0
2399,1.75E-07,0
2400,3.49E-08,0
2401,0,0
2402,6.98E-08,0
2403,3.49E-08,0
2404,0,0
2405,0,0
2406,0,0
2407,3.49E-08,0
2408,3.49E-08,0
2409,3.49E-08,0
2410,0,0
2411,1.05E-07,0
2412,3.49E-08,0
2413,3.49E-08,0
2414,6.98E-08,0
2415,1.40E-07,0
2416,3.49E-08,0
2417,1.05E-07,0
2418,6.98E-08,0
2419,3.49E-08,0
2420,3.49E-08,0
2421,0,0
2422,3.49E-08,0
2423,3.49E-08,0
2424,0,0
2425,3.49E-08,0
2426,3.49E-08,0
2427,6.98E-08,0
2428,0,0
2429,1.75E-07,0
2430,3.49E-08,0
2431,1.75E-07,0
2432,1.05E-07,0
2433,0,0
2434,0,0
2435,1.05E-07,0
2436,1.05E-07,0
2437,0,0
2438,3.49E-08,0
2439,0,0
2440,0,0
2441,6.98E-08,0
2442,1.05E-07,0
2443,3.49E-08,0
2444,1.75E-07,0
2445,6.98E-08,0
2446,6.98E-08,0
2447,3.49E-08,0
2448,6.98E-08,0
2449,0,0
2450,6.98E-08,0
2451,3.49E-08,0
2452,1.40E-07,0
2453,6.98E-08,0
2454,1.05E-07,0
2455,3.49E-08,0
2456,0,0
2457,0,0
2458,0,0
2459,6.98E-08,0
2460,3.49E-08,0
2461,6.98E-08,0
2462,0,0
2463,6.98E-08,0
2464,6.98E-08,0
2465,6.98E-08,0
2466,3.49E-08,0
2467,3.49E-08,0
2468,6.98E-08,0
2469,1.05E-07,0
2470,3.49E-08,0
2471,3.49E-08,0
2472,1.05E-07,0
2473,6.98E-08,0
2474,3.49E-08,0
2475,0,0
2476,3.49E-08,0
2477,0,0
2478,1.05E-07,0
2479,3.49E-08,0
2480,3.49E-08,0
2481,0,0
2482,3.49E-08,0
2483,0,0
2484,3.49E-08,0
2485,3.49E-08,0
2486,6.98E-08,0
2487,0,0
2488,3.49E-08,0
2489,0,0
2490,6.98E-08,0
2491,0,0
2492,3.49E-08,0
2493,3.49E-08,0
2494,0,0
2495,0,0
2496,0,0
2497,1.05E-07,0
2498,3.49E-08,0
2499,0,0
2500,0,0
2501,6.98E-08,0
2502,0,0
2503,6.98E-08,0
2504,0,0
2505,6.98E-08,0
2506,0,0
2507,0,0
2508,3.49E-08,0
2509,0,0
2510,3.49E-08,0
2511,6.98E-08,0
2512,6.98E-08,0
2513,6.98E-08,0
2514,1.05E-07,0
2515,3.49E-08,0
2516,0,0
2517,6.98E-08,0
2518,3.49E-08,0
2519,0,0
2520,6.98E-08,0
2521,3.49E-08,0
2522,3.49E-08,0
2523,0,0
2524,3.49E-08,0
2525,0,0
2526,3.49E-08,0
2527,6.98E-08,0
2528,6.98E-08,0
2529,6.98E-08,0
2530,0,0
2531,3.49E-08,0
2532,6.98E-08,0
2533,0,0
2534,0,0
2535,3.49E-08,0
2536,6.98E-08,0
2537,1.05E-07,0
2538,6.98E-08,0
2539,0,0
2540,6.98E-08,0
2541,0,0
2542,0,0
2543,0,0
2544,1.05E-07,0
2545,3.49E-08,0
2546,0,0
2547,3.49E-08,0
2548,0,0
2549,3.49E-08,0
2550,0,0
2551,0,0
2552,3.49E-08,0
2553,0,0
2554,6.98E-08,0
2555,6.98E-08,0
2556,0,0
2557,0,0
2558,3.49E-08,0
2559,0,0
2560,6.98E-08,0
2561,3.49E-08,0
2562,0,0
2563,3.49E-08,0
2564,6.98E-08,0
2565,0,0
2566,3.49E-08,0
2567,3.49E-08,0
2568,6.98E-08,0
2569,6.98E-08,0
2570,3.49E-08,0
2571,0,0
2572,3.49E-08,0
2573,3.49E-08,0
2574,1.05E-07,0
2575,0,0
2576,0,0
2577,6.98E-08,0
2578,3.49E-08,0
2579,6.98E-08,0
2580,0,0
2581,0,0
2582,6.98E-08,0
2583,3.49E-08,0
2584,0,0
2585,0,0
2586,0,0
2587,6.98E-08,0
2588,0,0
2589,0,0
2590,1.05E-07,0
2591,0,0
2592,0,0
2593,6.98E-08,0
2594,0,0
2595,0,0
2596,1.05E-07,0
2597,3.49E-08,0
2598,6.98E-08,0
2599,6.98E-08,0
2600,0,0
2601,0,0
2602,0,0
2603,3.49E-08,0
2604,3.49E-08,0
2605,0,0
2606,0,0
2607,3.49E-08,0
2608,3.49E-08,0
2609,3.49E-08,0
2610,3.49E-08,0
2611,0,0
2612,3.49E-08,0
2613,0,0
2614,6.98E-08,0
2615,0,0
2616,0,0
2617,6.98E-08,0
2618,6.98E-08,0
2619,0,0
2620,3.49E-08,0
2621,0,0
2622,3.49E-08,0
2623,0,0
2624,0,0
2625,3.49E-08,0
2626,3.49E-08,0
2627,0,0
2628,0,0
2629,3.49E-08,0
2630,0,0
2631,3.49E-08,0
2632,6.98E-08,0
2633,0,0
2634,3.49E-08,0
2635,0,0
2636,3.49E-08,0
2637,3.49E-08,0
2638,0,0
2639,3.49E-08,0
2640,0,0
2641,0,0
2642,3.49E-08,0
2643,3.49E-08,0
2644,0,0
2645,0,0
2646,6.98E-08,0
2647,6.98E-08,0
2648,0,0
2649,0,0
2650,6.98E-08,0
2651,3.49E-08,0
2652,3.49E-08,0
2653,3.49E-08,0
2654,6.98E-08,0
2655,3.49E-08,0
2656,0,0
2657,3.49E-08,0
2658,3.49E-08,0
2659,1.40E-07,0
2660,0,0
2661,3.49E-08,0
2662,0,0
2663,0,0
2664,3.49E-08,0
2665,3.49E-08,0
2666,0,0
2667,0,0
2668,0,0
2669,3.49E-08,0
2670,0,0
2671,3.49E-08,0
2672,3.49E-08,0
2673,0,0
2674,0,0
2675,3.49E-08,0
2676,0,0
2677,6.98E-08,0
2678,0,0
2679,0,0
2680,3.49E-08,0
2681,0,0
2682,3.49E-08,0
2683,6.98E-08,0
2684,3.49E-08,0
2685,6.98E-08,0
2686,0,0
2687,0,0
2688,3.49E-08,0
2689,0,0
2690,0,0
2691,0,0
2692,0,0
2693,3.49E-08,0
2694,0,0
2695,0,0
2696,0,0
2697,6.98E-08,0
2698,3.49E-08,0
2699,1.05E-07,0
2700,3.49E-08,0
2701,0,0
2702,6.98E-08,0
2703,0,0
2704,0,0
2705,0,0
2706,3.49E-08,0
2707,0,0
2708,0,0
2709,0,0
2710,3.49E-08,0
2711,0,0
2712,0,0
2713,3.49E-08,0
2714,0,0
2715,6.98E-08,0
2716,6.98E-08,0
2717,0,0
2718,0,0
2719,3.49E-08,0
2720,3.49E-08,0
2721,3.49E-08,0
2722,0,0
2723,3.49E-08,0
2724,3.49E-08,0
2725,3.49E-08,0
2726,3.49E-08,0
2727,0,0
2728,3.49E-08,0
2729,0,0
2730,0,0
2731,0,0
2732,0,0
2733,3.49E-08,0
2734,0,0
2735,3.49E-08,0
2736,3.49E-08,0
2737,3.49E-08,0
2738,0,0
2739,3.49E-08,0
2740,0,0
2741,0,0
2742,3.49E-08,0
2743,0,0
2744,3.49E-08,0
2745,0,0
2746,0,0
2747,0,0
2748,0,0
2749,0,0
2750,0,0
2751,0,0
2752,3.49E-08,0
2753,0,0
2754,3.49E-08,0
2755,0,0
2756,0,0
2757,6.98E-08,0
2758,3.49E-08,0
2759,3.49E-08,0
2760,0,0
2761,0,0
2762,3.49E-08,0
2763,0,0
2764,0,0
2765,6.98E-08,0
2766,0,0
2767,6.98E-08,0
2768,3.49E-08,0
2769,0,0
2770,3.49E-08,0
2771,3.49E-08,0
2772,0,0
2773,0,0
2774,0,0
2775,0,0
2776,3.49E-08,0
2777,0,0
2778,3.49E-08,0
2779,0,0
2780,0,0
2781,0,0
2782,0,0
2783,3.49E-08,0
2784,0,0
2785,0,0
2786,0,0
2787,0,0
2788,0,0
2789,0,0
2790,6.98E-08,0
2791,0,0
2792,3.49E-08,0
2793,3.49E-08,0
2794,0,0
2795,0,0
2796,0,0
2797,6.98E-08,0
2798,3.49E-08,0
2799,1.05E-07,0
2800,0,0
2801,0,0
2802,0,0
2803,0,0
2804,0,0
2805,0,0
2806,0,0
2807,3.49E-08,0
2808,0,0
2809,0,0
2810,3.49E-08,0
2811,0,0
2812,6.98E-08,0
2813,0,0
2814,3.49E-08,0
2815,3.49E-08,0
2816,0,0
2817,0,0
2818,3.49E-08,0
2819,0,0
2820,6.98E-08,0
2821,0,0
2822,0,0
2823,3.49E-08,0
2824,3.49E-08,0
2825,3.49E-08,0
2826,0,0
2827,0,0
2828,3.49E-08,0
2829,0,0
2830,0,0
2831,6.98E-08,0
2832,3.49E-08,0
2833,0,0
2834,3.49E-08,0
2835,0,0
2836,3.49E-08,0
2837,0,0
2838,0,0
2839,3.49E-08,0
2840,0,0
2841,0,0
2842,0,0
2843,3.49E-08,0
2844,0,0
2845,0,0
2846,3.49E-08,0
2847,0,0
2848,6.98E-08,0
2849,0,0
2850,0,0
2851,0,0
2852,3.49E-08,0
2853,0,0
2854,3.49E-08,0
2855,0,0
2856,0,0
2857,0,0
2858,0,0
2859,0,0
2860,0,0
2861,0,0
2862,0,0
2863,3.49E-08,0
2864,0,0
2865,0,0
2866,0,0
2867,0,0
2868,0,0
2869,0,0
2870,0,0
2871,0,0
2872,0,0
2873,3.49E-08,0
2874,3.49E-08,0
2875,0,0
2876,0,0
2877,0,0
2878,0,0
2879,0,0
2880,0,0
2881,0,0
2882,0,0
2883,0,0
2884,0,0
2885,0,0
2886,0,0
2887,3.49E-08,0
2888,3.49E-08,0
2889,0,0
2890,0,0
2891,0,0
2892,0,0
2893,3.49E-08,0
2894,0,0
2895,0,0
2896,0,0
2897,0,0
2898,0,0
2899,3.49E-08,0
2900,0,0
2901,0,0
2902,0,0
2903,0,0
2904,0,0
2905,3.49E-08,0
2906,3.49E-08,0
2907,0,0
2908,0,0
2909,0,0
2910,0,0
2911,0,0
2912,3.49E-08,0
2913,3.49E-08,0
2914,0,0
2915,0,0
2916,0,0
2917,0,0
2918,0,0
2919,3.49E-08,0
2920,0,0
2921,0,0
2922,0,0
2923,0,0
2924,0,0
2925,0,0
2926,0,0
2927,0,0
2928,3.49E-08,0
2929,3.49E-08,0
2930,0,0
2931,0,0
2932,3.49E-08,0
2933,0,0
2934,0,0
2935,0,0
2936,3.49E-08,0
2937,0,0
2938,3.49E-08,0
2939,0,0
2940,3.49E-08,0
2941,0,0
2942,0,0
2943,0,0
2944,0,0
2945,0,0
2946,0,0
2947,0,0
2948,0,0
2949,3.49E-08,0
2950,0,0
2951,0,0
2952,0,0
2953,0,0
2954,0,0
2955,0,0
2956,0,0
2957,0,0
2958,3.49E-08,0
2959,0,0
2960,0,0
2961,0,0
2962,0,0
2963,3.49E-08,0
2964,0,0
2965,3.49E-08,0
2966,3.49E-08,0
2967,0,0
2968,0,0
2969,0,0
2970,0,0
2971,0,0
2972,0,0
2973,0,0
2974,0,0
2975,0,0
2976,0,0
2977,0,0
2978,3.49E-08,0
2979,0,0
2980,0,0
2981,0,0
2982,0,0
2983,0,0
2984,0,0
2985,0,0
2986,0,0
2987,0,0
2988,0,0
2989,0,0
2990,0,0
2991,0,0
2992,0,0
2993,0,0
2994,0,0
2995,3.49E-08,0
2996,0,0
2997,0,0
2998,0,0
2999,0,0
3000,3.49E-08,0
3001,0,0
3002,3.49E-08,0
3003,0,0
3004,0,0
3005,1.05E-07,0
3006,0,0
3007,0,0
3008,0,0
3009,0,0
3010,0,0
3011,0,0
3012,0,0
3013,0,0
3014,0,0
3015,3.49E-08,0
3016,0,0
3017,0,0
3018,0,0
3019,0,0
3020,0,0
3021,0,0
3022,3.49E-08,0
3023,0,0
3024,0,0
3025,0,0
3026,0,0
3027,0,0
3028,0,0
3029,0,0
3030,0,0
3031,0,0
3032,0,0
3033,0,0
3034,0,0
3035,0,0
3036,0,0
3037,6.98E-08,0
3038,3.49E-08,0
3039,0,0
3040,0,0
3041,0,0
3042,0,0
3043,0,0
3044,0,0
3045,0,0
3046,0,0
3047,0,0
3048,3.49E-08,0
3049,0,0
3050,0,0
3051,0,0
3052,0,0
3053,0,0
3054,0,0
3055,0,0
3056,0,0
3057,0,0
3058,0,0
3059,0,0
3060,0,0
3061,0,0
3062,3.49E-08,0
3063,0,0
3064,3.49E-08,0
3065,0,0
3066,0,0
3067,0,0
3068,0,0
3069,0,0
3070,0,0
3071,0,0
3072,0,0
3073,0,0
3074,3.49E-08,0
3075,0,0
3076,0,0
3077,0,0
3078,0,0
3079,0,0
3080,0,0
3081,0,0
3082,0,0
3083,3.49E-08,0
3084,3.49E-08,0
3085,0,0
3086,0,0
3087,0,0
3088,0,0
3089,0,0
3090,0,0
3091,0,0
3092,6.98E-08,0
3093,0,0
3094,0,0
3095,3.49E-08,0
3096,0,0
3097,0,0
3098,0,0
3099,0,0
3100,0,0
3101,0,0
3102,0,0
3103,0,0
3104,0,0
3105,0,0
3106,0,0
3107,0,0
3108,0,0
3109,0,0
3110,0,0
3111,0,0
3112,0,0
3113,0,0
3114,0,0
3115,0,0
3116,0,0
3117,0,0
3118,0,0
3119,0,0
3120,0,0
3121,0,0
3122,0,0
3123,0,0
3124,0,0
3125,0,0
3126,6.98E-08,0
3127,0,0
3128,0,0
3129,0,0
3130,0,0
3131,0,0
3132,0,0
3133,0,0
3134,0,0
3135,0,0
3136,0,0
3137,0,0
3138,0,0
3139,3.49E-08,0
3140,0,0
3141,0,0
3142,3.49E-08,0
3143,3.49E-08,0
3144,0,0
3145,0,0
3146,0,0
3147,0,0
3148,0,0
3149,3.49E-08,0
3150,0,0
3151,0,0
3152,0,0
3153,0,0
3154,0,0
3155,0,0
3156,0,0
3157,0,0
3158,0,0
3159,0,0
3160,0,0
3161,0,0
3162,0,0
3163,0,0
3164,0,0
3165,0,0
3166,0,0
3167,0,0
3168,0,0
3169,0,0
3170,0,0
3171,0,0
3172,0,0
3173,0,0
3174,0,0
3175,0,0
3176,0,0
3177,0,0
3178,0,0
3179,0,0
3180,0,0
3181,0,0
3182,0,0
3183,0,0
3184,0,0
3185,0,0
3186,0,0
3187,0,0
3188,0,0
3189,0,0
3190,0,0
3191,0,0
3192,0,0
3193,0,0
3194,0,0
3195,0,0
3196,0,0
3197,0,0
3198,0,0
3199,3.49E-08,0
3200,3.49E-08,0
3201,0,0
3202,3.49E-08,0
3203,0,0
3204,0,0
3205,0,0
3206,0,0
3207,0,0
3208,0,0
3209,0,0
3210,0,0
3211,0,0
3212,0,0
3213,0,0
3214,0,0
3215,3.49E-08,0
3216,0,0
3217,0,0
3218,0,0
3219,0,0
3220,0,0
3221,0,0
3222,0,0
3223,0,0
3224,0,0
3225,0,0
3226,0,0
3227,0,0
3228,0,0
3229,3.49E-08,0
3230,0,0
3231,0,0
3232,0,0
3233,0,0
3234,0,0
3235,0,0
3236,0,0
3237,3.49E-08,0
3238,0,0
3239,0,0
3240,0,0
3241,0,0
3242,0,0
3243,3.49E-08,0
3244,0,0
3245,0,0
3246,0,0
3247,0,0
3248,0,0
3249,0,0
3250,0,0
3251,0,0
3252,3.49E-08,0
3253,0,0
3254,0,0
3255,0,0
3256,0,0
3257,0,0
3258,0,0
3259,0,0
3260,0,0
3261,0,0
3262,0,0
3263,0,0
3264,0,0
3265,0,0
3266,0,0
3267,0,0
3268,0,0
3269,0,0
3270,0,0
3271,0,0
3272,0,0
3273,0,0
3274,0,0
3275,0,0
3276,0,0
3277,0,0
3278,3.49E-08,0
3279,0,0
3280,0,0
3281,0,0
3282,0,0
3283,0,0
3284,0,0
3285,0,0
3286,0,0
3287,0,0
3288,0,0
3289,0,0
3290,0,0
3291,0,0
3292,0,0
3293,0,0
3294,0,0
3295,3.49E-08,0
3296,0,0
3297,0,0
3298,0,0
3299,0,0
3300,0,0
3301,0,0
3302,6.98E-08,0
3303,3.49E-08,0
3304,0,0
3305,0,0
3306,0,0
3307,0,0
3308,0,0
3309,0,0
3310,0,0
3311,0,0
3312,0,0
3313,0,0
3314,0,0
3315,0,0
3316,0,0
3317,3.49E-08,0
3318,0,0
3319,0,0
3320,0,0
3321,0,0
3322,0,0
3323,0,0
3324,3.49E-08,0
3325,3.49E-08,0
3326,0,0
3327,0,0
3328,0,0
3329,0,0
3330,0,0
3331,0,0
3332,0,0
3333,0,0
3334,3.49E-08,0
3335,3.49E-08,0
3336,0,0
3337,0,0
3338,0,0
3339,0,0
3340,0,0
3341,0,0
3342,0,0
3343,0,0
3344,0,0
3345,0,0
3346,0,0
3347,0,0
3348,0,0
3349,0,0
3350,0,0
3351,0,0
3352,0,0
3353,3.49E-08,0
3354,0,0
3355,0,0
3356,0,0
3357,0,0
3358,0,0
3359,0,0
3360,0,0
3361,3.49E-08,0
3362,0,0
3363,0,0
3364,0,0
3365,0,0
3366,0,0
3367,0,0
3368,0,0
3369,0,0
3370,0,0
3371,0,0
3372,0,0
3373,0,0
3374,3.49E-08,0
3375,0,0
3376,0,0
3377,0,0
3378,0,0
3379,0,0
3380,0,0
3381,0,0
3382,0,0
3383,0,0
3384,0,0
3385,0,0
3386,0,0
3387,0,0
3388,0,0
3389,0,0
3390,0,0
3391,0,0
3392,0,0
3393,0,0
3394,0,0
3395,0,0
3396,0,0
3397,0,0
3398,0,0
3399,0,0
3400,0,0
3401,0,0
3402,0,0
3403,3.49E-08,0
3404,0,0
3405,0,0
3406,0,0
3407,0,0
3408,0,0
3409,0,0
3410,0,0
3411,0,0
3412,0,0
3413,0,0
3414,0,0
3415,0,0
3416,0,0
3417,0,0
3418,0,0
3419,0,0
3420,0,0
3421,3.49E-08,0
3422,0,0
3423,0,0
3424,0,0
3425,0,0
3426,0,0
3427,0,0
3428,0,0
3429,0,0
3430,0,0
3431,0,0
3432,0,0
3433,0,0
3434,0,0
3435,0,0
3436,0,0
3437,0,0
3438,0,0
3439,3.49E-08,0
3440,0,0
3441,0,0
3442,0,0
3443,0,0
3444,0,0
3445,0,0
3446,0,0
3447,0,0
3448,0,0
3449,0,0
3450,0,0
3451,0,0
3452,0,0
3453,0,0
3454,0,0
3455,0,0
3456,0,0
3457,0,0
3458,0,0
3459,0,0
3460,0,0
3461,0,0
3462,0,0
3463,0,0
3464,0,0
3465,0,0
3466,3.49E-08,0
3467,0,0
3468,0,0
3469,0,0
3470,0,0
3471,0,0
3472,0,0
3473,0,0
3474,3.49E-08,0
3475,0,0
3476,0,0
3477,0,0
3478,0,0
3479,0,0
3480,0,0
3481,0,0
3482,0,0
3483,0,0
3484,0,0
3485,0,0
3486,0,0
3487,3.49E-08,0
3488,0,0
3489,0,0
3490,0,0
3491,0,0
3492,0,0
3493,0,0
3494,0,0
3495,0,0
3496,0,0
3497,0,0
3498,0,0
3499,0,0
3500,0,0
3501,0,0
3502,3.49E-08,0
3503,0,0
3504,0,0
3505,0,0
3506,0,0
3507,3.49E-08,0
3508,0,0
3509,0,0
3510,0,0
3511,0,0
3512,0,0
3513,0,0
3514,0,0
3515,0,0
3516,0,0
3517,0,0
3518,0,0
3519,0,0
3520,0,0
3521,0,0
3522,0,0
3523,0,0
3524,0,0
3525,0,0
3526,0,0
3527,0,0
3528,0,0
3529,0,0
3530,0,0
3531,0,0
3532,0,0
3533,0,0
3534,0,0
3535,0,0
3536,0,0
3537,0,0
3538,0,0
3539,0,0
3540,0,0
3541,0,0
3542,0,0
3543,0,0
3544,0,0
3545,0,0
3546,0,0
3547,0,0
3548,0,0
3549,0,0
3550,0,0
3551,0,0
3552,0,0
3553,0,0
3554,0,0
3555,0,0
3556,0,0
3557,0,0
3558,0,0
3559,0,0
3560,0,0
3561,0,0
3562,0,0
3563,0,0
3564,0,0
3565,0,0
3566,0,0
3567,0,0
3568,0,0
3569,0,0
3570,0,0
3571,0,0
3572,3.49E-08,0
3573,0,0
3574,0,0
3575,0,0
3576,0,0
3577,0,0
3578,0,0
3579,0,0
3580,0,0
3581,0,0
3582,0,0
3583,0,0
3584,0,0
3585,0,0
3586,0,0
3587,0,0
3588,0,0
3589,0,0
3590,0,0
3591,0,0
3592,0,0
3593,0,0
3594,0,0
3595,0,0
3596,0,0
3597,0,0
3598,0,0
3599,0,0
3600,0,0
3601,0,0
3602,0,0
3603,0,0
3604,0,0
3605,0,0
3606,0,0
3607,0,0
3608,0,0
3609,0,0
3610,0,0
3611,0,0
3612,0,0
3613,0,0
3614,0,0
3615,0,0
3616,0,0
3617,0,0
3618,0,0
3619,0,0
3620,0,0
3621,0,0
3622,0,0
3623,0,0
3624,0,0
3625,0,0
3626,0,0
3627,0,0
3628,0,0
3629,0,0
3630,0,0
3631,0,0
3632,0,0
3633,0,0
3634,0,0
3635,0,0
3636,0,0
3637,0,0
3638,0,0
3639,0,0
3640,0,0
3641,0,0
3642,0,0
3643,0,0
3644,0,0
3645,0,0
3646,0,0
3647,0,0
3648,0,0
3649,0,0
3650,0,0
3651,0,0
3652,0,0
3653,0,0
3654,0,0
3655,0,0
3656,0,0
3657,0,0
3658,0,0
3659,0,0
3660,0,0
3661,0,0
3662,0,0
3663,0,0
3664,0,0
3665,0,0
3666,0,0
3667,0,0
3668,0,0
3669,0,0
3670,0,0
3671,0,0
3672,0,0
3673,0,0
3674,0,0
3675,0,0
3676,0,0
3677,0,0
3678,0,0
3679,0,0
3680,0,0
3681,0,0
3682,0,0
3683,0,0
3684,0,0
3685,0,0
3686,0,0
3687,0,0
3688,0,0
3689,0,0
3690,0,0
3691,0,0
3692,0,0
3693,0,0
3694,0,0
3695,0,0
3696,0,0
3697,0,0
3698,0,0
3699,0,0
3700,0,0
3701,0,0
3702,0,0
3703,0,0
3704,0,0
3705,0,0
3706,0,0
3707,0,0
3708,0,0
3709,0,0
3710,0,0
3711,0,0
3712,0,0
3713,0,0
3714,0,0
3715,0,0
3716,0,0
3717,0,0
3718,0,0
3719,0,0
3720,0,0
3721,0,0
3722,0,0
3723,0,0
3724,0,0
3725,0,0
3726,0,0
3727,0,0
3728,0,0
3729,0,0
3730,0,0
3731,0,0
3732,0,0
3733,0,0
3734,0,0
3735,0,0
3736,0,0
3737,0,0
3738,0,0
3739,0,0
3740,0,0
3741,0,0
3742,0,0
3743,0,0
3744,0,0
3745,0,0
3746,0,0
3747,0,0
3748,0,0
3749,0,0
3750,0,0
3751,0,0
3752,0,0
3753,0,0
3754,0,0
3755,0,0
3756,0,0
3757,0,0
3758,0,0
3759,3.49E-08,0
3760,0,0
3761,0,0
3762,0,0
3763,0,0
3764,0,0
3765,0,0
3766,0,0
3767,0,0
3768,0,0
3769,0,0
3770,0,0
3771,0,0
3772,0,0
3773,0,0
3774,0,0
3775,0,0
3776,0,0
3777,0,0
3778,0,0
3779,0,0
3780,0,0
3781,0,0
3782,0,0
3783,0,0
3784,0,0
3785,0,0
3786,0,0
3787,0,0
3788,0,0
3789,0,0
3790,3.49E-08,0
3791,0,0
3792,0,0
3793,0,0
3794,0,0
3795,0,0
3796,0,0
3797,0,0
3798,0,0
3799,0,0
3800,0,0
3801,0,0
3802,0,0
3803,0,0
3804,0,0
3805,0,0
3806,0,0
3807,0,0
3808,0,0
3809,0,0
3810,0,0
3811,0,0
3812,0,0
3813,0,0
3814,0,0
3815,0,0
3816,0,0
3817,0,0
3818,0,0
3819,0,0
3820,0,0
3821,0,0
3822,0,0
3823,0,0
3824,0,0
3825,0,0
3826,0,0
3827,0,0
3828,0,0
3829,0,0
3830,0,0
3831,0,0
3832,0,0
3833,0,0
3834,0,0
3835,0,0
3836,0,0
3837,0,0
3838,0,0
3839,0,0
3840,0,0
3841,0,0
3842,0,0
3843,0,0
3844,0,0
3845,0,0
3846,0,0
3847,0,0
3848,0,0
3849,0,0
3850,0,0
3851,0,0
3852,0,0
3853,0,0
3854,0,0
3855,0,0
3856,0,0
3857,0,0
3858,0,0
3859,0,0
3860,0,0
3861,0,0
3862,0,0
3863,0,0
3864,0,0
3865,0,0
3866,0,0
3867,0,0
3868,0,0
3869,0,0
3870,0,0
3871,0,0
3872,0,0
3873,0,0
3874,0,0
3875,0,0
3876,0,0
3877,0,0
3878,0,0
3879,0,0
3880,0,0
3881,0,0
3882,0,0
3883,0,0
3884,0,0
3885,0,0
3886,0,0
3887,0,0
3888,0,0
3889,0,0
3890,0,0
3891,0,0
3892,0,0
3893,0,0
3894,0,0
3895,0,0
3896,3.49E-08,0
3897,0,0
3898,0,0
3899,0,0
3900,0,0
3901,0,0
3902,0,0
3903,0,0
3904,0,0
3905,0,0
3906,0,0
3907,0,0
3908,0,0
3909,0,0
3910,0,0
3911,0,0
3912,0,0
3913,0,0
3914,0,0
3915,0,0
3916,0,0
3917,0,0
3918,0,0
3919,0,0
3920,0,0
3921,0,0
3922,0,0
3923,0,0
3924,0,0
3925,0,0
3926,0,0
3927,0,0
3928,0,0
3929,0,0
3930,0,0
3931,0,0
3932,0,0
3933,0,0
3934,0,0
3935,0,0
3936,0,0
3937,0,0
3938,0,0
3939,0,0
3940,0,0
3941,0,0
3942,0,0
3943,0,0
3944,0,0
3945,0,0
3946,0,0
3947,0,0
3948,0,0
3949,0,0
3950,0,0
3951,0,0
3952,0,0
3953,0,0
3954,0,0
3955,0,0
3956,0,0
3957,0,0
3958,0,0
3959,0,0
3960,0,0
3961,0,0
3962,0,0
3963,0,0
3964,0,0
3965,0,0
3966,0,0
3967,0,0
3968,0,0
3969,0,0
3970,0,0
3971,0,0
3972,0,0
3973,0,0
3974,0,0
3975,0,0
3976,0,0
3977,0,0
3978,0,0
3979,0,0
3980,0,0
3981,0,0
3982,0,0
3983,0,0
3984,0,0
3985,0,0
3986,0,0
3987,0,0
3988,0,0
3989,0,0
3990,0,0
3991,0,0
3992,0,0
3993,0,0
3994,0,0
3995,0,0
3996,0,0
3997,0,0
3998,0,0
3999,0,0
4000,0,0
4001,0,0
4002,0,0
4003,0,0
4004,3.49E-08,0
4005,0,0
4006,0,0
4007,0,0
4008,0,0
4009,0,0
4010,3.49E-08,0
4011,0,0
4012,0,0
4013,0,0
4014,0,0
4015,0,0
4016,0,0
4017,0,0
4018,0,0
4019,0,0
4020,0,0
4021,0,0
4022,0,0
4023,0,0
4024,0,0
4025,0,0
4026,0,0
4027,0,0
4028,0,0
4029,0,0
4030,0,0
4031,0,0
4032,0,0
4033,0,0
4034,0,0
4035,0,0
4036,0,0
4037,0,0
4038,0,0
4039,0,0
4040,0,0
4041,0,0
4042,0,0
4043,0,0
4044,0,0
4045,0,0
4046,0,0
4047,0,0
4048,0,0
4049,0,0
4050,0,0
4051,0,0
4052,0,0
4053,0,0
4054,0,0
4055,0,0
4056,0,0
4057,0,0
4058,0,0
4059,0,0
4060,0,0
4061,0,0
4062,0,0
4063,0,0
4064,0,0
4065,0,0
4066,0,0
4067,0,0
4068,0,0
4069,0,0
4070,0,0
4071,0,0
4072,0,0
4073,0,0
4074,0,0
4075,0,0
4076,0,0
4077,0,0
4078,0,0
4079,0,0
4080,0,0
4081,0,0
4082,0,0
4083,0,0
4084,0,0
4085,0,0
4086,0,0
4087,0,0
4088,0,0
4089,0,0
4090,0,0
4091,0,0
4092,0,0
4093,0,0
4094,0,0
4095,0,0
4096,0,0
4097,0,0
4098,0,0
4099,0,0
4100,0,0
4101,0,0
4102,0,0
4103,0,0
4104,0,0
4105,0,0
4106,0,0
4107,0,0
4108,0,0
4109,0,0
4110,0,0
4111,0,0
4112,0,0
4113,0,0
4114,0,0
4115,0,0
4116,0,0
4117,0,0
4118,0,0
4119,0,0
4120,0,0
4121,0,0
4122,0,0
4123,0,0
4124,0,0
4125,0,0
4126,0,0
4127,0,0
4128,0,0
4129,0,0
4130,0,0
4131,0,0
4132,0,0
4133,0,0
4134,0,0
4135,0,0
4136,0,0
4137,0,0
4138,0,0
4139,0,0
4140,0,0
4141,0,0
4142,0,0
4143,0,0
4144,0,0
4145,0,0
4146,0,0
4147,0,0
4148,3.49E-08,0
4149,0,0
4150,0,0
4151,0,0
4152,0,0
4153,0,0
4154,0,0
4155,0,0
4156,0,0
4157,0,0
4158,0,0
4159,0,0
4160,0,0
4161,0,0
4162,0,0
4163,0,0
4164,0,0
4165,0,0
4166,0,0
4167,0,0
4168,0,0
4169,0,0
4170,0,0
4171,0,0
4172,0,0
4173,0,0
4174,0,0
4175,0,0
4176,0,0
4177,0,0
4178,0,0
4179,0,0
4180,0,0
4181,0,0
4182,0,0
4183,0,0
4184,0,0
4185,0,0
4186,0,0
4187,0,0
4188,0,0
4189,0,0
4190,0,0
4191,0,0
4192,0,0
4193,0,0
4194,0,0
4195,0,0
4196,0,0
4197,0,0
4198,0,0
4199,0,0
4200,0,0
4201,0,0
4202,0,0
4203,0,0
4204,0,0
4205,0,0
4206,0,0
4207,0,0
4208,0,0
4209,6.98E-08,0
